,Names,Prices,Ratings,Images,Links
0,"REDMI 10 Power (Power Black, 128 GB)","₹10,658",4.2,https://rukminim2.flixcart.com/image/312/312/xif0q/mobile/e/y/b/-original-imageftfzx8gfkys.jpeg?q=70,https://www.flipkart.com/redmi-10-power-power-black-128-gb/p/itm97f5d2ec83588?pid=MOBGHDXFYKKZFZGV&lid=LSTMOBGHDXFYKKZFZGVBSIXZ1&marketplace=FLIPKART&store=tyy%2F4io&srno=b_1_1&otracker=nmenu_sub_Electronics_0_Mi&fm=organic&iid=f5b81b2d-b00b-4f77-961a-b43239ed4bc6.MOBGHDXFYKKZFZGV.SEARCH&ppt=None&ppn=None&ssid=1iulnf2wo00000001704874793502
1,"REDMI 10 Power (Power Black, 128 GB)","₹10,690",4.2,https://rukminim2.flixcart.com/image/312/312/xif0q/mobile/e/y/b/-original-imageftfzx8gfkys.jpeg?q=70,https://www.flipkart.com/redmi-10-power-power-black-128-gb/p/itm17561f2c0c6b6?pid=MOBGSYMFPHKSJTWH&lid=LSTMOBGSYMFPHKSJTWHMK8VKQ&marketplace=FLIPKART&store=tyy%2F4io&srno=b_1_2&otracker=nmenu_sub_Electronics_0_Mi&fm=organic&iid=f5b81b2d-b00b-4f77-961a-b43239ed4bc6.MOBGSYMFPHKSJTWH.SEARCH&ppt=None&ppn=None&ssid=1iulnf2wo00000001704874793502
2,"Xiaomi 11i 5G (Purple Mist, 128 GB)","₹22,999",4.2,https://rukminim2.flixcart.com/image/312/312/ky7lci80/mobile/e/j/x/-original-imagag2gatsxzcuv.jpeg?q=70,https://www.flipkart.com/xiaomi-11i-5g-purple-mist-128-gb/p/itmb0fd5926fb0d5?pid=MOBG9QXPXZTUYDY8&lid=LSTMOBG9QXPXZTUYDY81BBAEL&marketplace=FLIPKART&store=tyy%2F4io&srno=b_1_3&otracker=nmenu_sub_Electronics_0_Mi&fm=organic&iid=f5b81b2d-b00b-4f77-961a-b43239ed4bc6.MOBG9QXPXZTUYDY8.SEARCH&ppt=None&ppn=None&ssid=1iulnf2wo00000001704874793502
3,"REDMI 10 Power (Sporty Orange, 128 GB)","₹11,393",4.2,https://rukminim2.flixcart.com/image/312/312/xif0q/mobile/p/g/k/-original-imageyuud3bey9hh.jpeg?q=70,https://www.flipkart.com/redmi-10-power-sporty-orange-128-gb/p/itm97f5d2ec83588?pid=MOBGHDXFV9PCSYXV&lid=LSTMOBGHDXFV9PCSYXVKKVBRJ&marketplace=FLIPKART&store=tyy%2F4io&srno=b_1_4&otracker=nmenu_sub_Electronics_0_Mi&fm=organic&iid=f5b81b2d-b00b-4f77-961a-b43239ed4bc6.MOBGHDXFV9PCSYXV.SEARCH&ppt=None&ppn=None&ssid=1iulnf2wo00000001704874793502
4,"Redmi 6 (Rose Gold, 32 GB)","₹8,999",4.4,https://rukminim2.flixcart.com/image/312/312/jyxaw7k0/mobile/x/k/v/mi-redmi-6-mzb6384in-original-imafbb3ev7mzzugb.jpeg?q=70,https://www.flipkart.com/redmi-6-rose-gold-32-gb/p/itmf9f64fpjkbdxp?pid=MOBF9F64HGNTYHDB&lid=LSTMOBF9F64HGNTYHDBGGNTPT&marketplace=FLIPKART&store=tyy%2F4io&srno=b_1_5&otracker=nmenu_sub_Electronics_0_Mi&fm=organic&iid=f5b81b2d-b00b-4f77-961a-b43239ed4bc6.MOBF9F64HGNTYHDB.SEARCH&ppt=None&ppn=None&ssid=1iulnf2wo00000001704874793502
5,"Mi 11 Lite (Jazz Blue, 128 GB)","₹15,999",4.2,https://rukminim2.flixcart.com/image/312/312/kq6yefk0/mobile/i/w/m/11-lite-m2101k9ai-mi-original-imag496gkgqjrvvg.jpeg?q=70,https://www.flipkart.com/mi-11-lite-jazz-blue-128-gb/p/itmac6203bae9394?pid=MOBG3VSKQMCRP5CR&lid=LSTMOBG3VSKQMCRP5CRL7W4YT&marketplace=FLIPKART&store=tyy%2F4io&srno=b_1_6&otracker=nmenu_sub_Electronics_0_Mi&fm=organic&iid=f5b81b2d-b00b-4f77-961a-b43239ed4bc6.MOBG3VSKQMCRP5CR.SEARCH&ppt=None&ppn=None&ssid=1iulnf2wo00000001704874793502
6,"Redmi 9A Sport (Carbon Black, 32 GB)","₹7,999",4.2,https://rukminim2.flixcart.com/image/312/312/xif0q/mobile/j/l/n/-original-imag7chjvhxdhhyh.jpeg?q=70,https://www.flipkart.com/redmi-9a-sport-carbon-black-32-gb/p/itm53bc6ebfe147b?pid=MOBGHDXFS8EKH8GK&lid=LSTMOBGHDXFS8EKH8GKJAG4JB&marketplace=FLIPKART&store=tyy%2F4io&srno=b_1_7&otracker=nmenu_sub_Electronics_0_Mi&fm=organic&iid=f5b81b2d-b00b-4f77-961a-b43239ed4bc6.MOBGHDXFS8EKH8GK.SEARCH&ppt=None&ppn=None&ssid=1iulnf2wo00000001704874793502
7,"REDMI NOTE 10 LITE (Glacier White, 128 GB)","₹12,618",4.2,https://rukminim2.flixcart.com/image/312/312/kua4r680/mobile/n/o/b/m2002f4lg-m1910f4g-redmi-note-10-lite-redmi-original-imag7f7fqkuma9rf.jpeg?q=70,https://www.flipkart.com/redmi-note-10-lite-glacier-white-128-gb/p/itmde31f59064927?pid=MOBG7PRH8KHAHZNH&lid=LSTMOBG7PRH8KHAHZNHYDENEU&marketplace=FLIPKART&store=tyy%2F4io&srno=b_1_8&otracker=nmenu_sub_Electronics_0_Mi&fm=organic&iid=f5b81b2d-b00b-4f77-961a-b43239ed4bc6.MOBG7PRH8KHAHZNH.SEARCH&ppt=None&ppn=None&ssid=1iulnf2wo00000001704874793502
8,"Redmi 9A Sport (Metallic Blue, 32 GB)","₹8,490",4.1,https://rukminim2.flixcart.com/image/312/312/xif0q/mobile/j/z/h/-original-imag7gy6tzuz3hk8.jpeg?q=70,https://www.flipkart.com/redmi-9a-sport-metallic-blue-32-gb/p/itm53bc6ebfe147b?pid=MOBGHDXFVQCUTWYA&lid=LSTMOBGHDXFVQCUTWYAASKIHY&marketplace=FLIPKART&store=tyy%2F4io&srno=b_1_9&otracker=nmenu_sub_Electronics_0_Mi&fm=organic&iid=f5b81b2d-b00b-4f77-961a-b43239ed4bc6.MOBGHDXFVQCUTWYA.SEARCH&ppt=None&ppn=None&ssid=1iulnf2wo00000001704874793502
9,"Xiaomi 11i Hypercharge 5G (Purple Mist, 128 GB)","₹28,999",4.2,https://rukminim2.flixcart.com/image/312/312/ky7lci80/mobile/k/b/g/-original-imagagf6fzbhuhny.jpeg?q=70,https://www.flipkart.com/xiaomi-11i-hypercharge-5g-purple-mist-128-gb/p/itm40cdac3d36676?pid=MOBG9QWVFHFSWPTH&lid=LSTMOBG9QWVFHFSWPTHJYGYME&marketplace=FLIPKART&store=tyy%2F4io&srno=b_1_10&otracker=nmenu_sub_Electronics_0_Mi&fm=organic&iid=f5b81b2d-b00b-4f77-961a-b43239ed4bc6.MOBG9QWVFHFSWPTH.SEARCH&ppt=None&ppn=None&ssid=1iulnf2wo00000001704874793502
10,"Redmi 9A Sport (Coral Green, 32 GB)","₹7,180",4.1,https://rukminim2.flixcart.com/image/312/312/xif0q/mobile/x/i/8/-original-imag7chxqqu7h5hs.jpeg?q=70,https://www.flipkart.com/redmi-9a-sport-coral-green-32-gb/p/itm53bc6ebfe147b?pid=MOBGHDXFNHYHCSEU&lid=LSTMOBGHDXFNHYHCSEU1HOXGR&marketplace=FLIPKART&store=tyy%2F4io&srno=b_1_11&otracker=nmenu_sub_Electronics_0_Mi&fm=organic&iid=f5b81b2d-b00b-4f77-961a-b43239ed4bc6.MOBGHDXFNHYHCSEU.SEARCH&ppt=None&ppn=None&ssid=1iulnf2wo00000001704874793502
11,"Xiaomi 11i Hypercharge 5G (Purple Mist, 128 GB)","₹22,890",4.2,https://rukminim2.flixcart.com/image/312/312/ky7lci80/mobile/k/b/g/-original-imagagf6fzbhuhny.jpeg?q=70,https://www.flipkart.com/xiaomi-11i-hypercharge-5g-purple-mist-128-gb/p/itmbfcb7e0ad00a9?pid=MOBGSYMFRGX5FCXM&lid=LSTMOBGSYMFRGX5FCXMCSAWRW&marketplace=FLIPKART&store=tyy%2F4io&srno=b_1_12&otracker=nmenu_sub_Electronics_0_Mi&fm=organic&iid=f5b81b2d-b00b-4f77-961a-b43239ed4bc6.MOBGSYMFRGX5FCXM.SEARCH&ppt=None&ppn=None&ssid=1iulnf2wo00000001704874793502
12,"Redmi 5A (Grey, 16 GB)","₹5,999",4.5,https://rukminim2.flixcart.com/image/312/312/jaij3bk0/mobile/p/h/d/mi-redmi-5a-c3b-original-imafy2gfd8byvqyf.jpeg?q=70,https://www.flipkart.com/redmi-5a-grey-16-gb/p/itmf2fwcumw7ghwy?pid=MOBEZWXESCPGF3GZ&lid=LSTMOBEZWXESCPGF3GZME5PM4&marketplace=FLIPKART&store=tyy%2F4io&srno=b_1_13&otracker=nmenu_sub_Electronics_0_Mi&fm=organic&iid=f5b81b2d-b00b-4f77-961a-b43239ed4bc6.MOBEZWXESCPGF3GZ.SEARCH&ppt=None&ppn=None&ssid=1iulnf2wo00000001704874793502
13,"Mi 11 Lite (Vinyl Black, 128 GB)","₹15,990",4.2,https://rukminim2.flixcart.com/image/312/312/kq6yefk0/mobile/b/2/f/11-lite-m2101k9ai-mi-original-imag496egxryygvz.jpeg?q=70,https://www.flipkart.com/mi-11-lite-vinyl-black-128-gb/p/itmac6203bae9394?pid=MOBG3VSKHGETEBVM&lid=LSTMOBG3VSKHGETEBVMIB3GUP&marketplace=FLIPKART&store=tyy%2F4io&srno=b_1_14&otracker=nmenu_sub_Electronics_0_Mi&fm=organic&iid=f5b81b2d-b00b-4f77-961a-b43239ed4bc6.MOBG3VSKHGETEBVM.SEARCH&ppt=None&ppn=None&ssid=1iulnf2wo00000001704874793502
14,"Xiaomi 11i Hypercharge 5G (Stealth Black, 128 GB)","₹21,999",4.2,https://rukminim2.flixcart.com/image/312/312/ky7lci80/mobile/j/u/r/-original-imagagf6zvvbfjjg.jpeg?q=70,https://www.flipkart.com/xiaomi-11i-hypercharge-5g-stealth-black-128-gb/p/itmd19127afbbce1?pid=MOBG9QWVZFNZDNMM&lid=LSTMOBG9QWVZFNZDNMMWHPQVA&marketplace=FLIPKART&store=tyy%2F4io&srno=b_1_15&otracker=nmenu_sub_Electronics_0_Mi&fm=organic&iid=f5b81b2d-b00b-4f77-961a-b43239ed4bc6.MOBG9QWVZFNZDNMM.SEARCH&ppt=None&ppn=None&ssid=1iulnf2wo00000001704874793502
15,"Redmi 6 (Black, 64 GB)","₹8,999",4.4,https://rukminim2.flixcart.com/image/312/312/jndhrbk0/mobile/n/h/j/mi-redmi-6-na-original-imafa2z2jfaky6bf.jpeg?q=70,https://www.flipkart.com/redmi-6-black-64-gb/p/itmfa94eqhsxwhyn?pid=MOBFA2NXDQFTXNHJ&lid=LSTMOBFA2NXDQFTXNHJTM5BCR&marketplace=FLIPKART&store=tyy%2F4io&srno=b_1_16&otracker=nmenu_sub_Electronics_0_Mi&fm=organic&iid=f5b81b2d-b00b-4f77-961a-b43239ed4bc6.MOBFA2NXDQFTXNHJ.SEARCH&ppt=None&ppn=None&ssid=1iulnf2wo00000001704874793502
16,"Redmi 10 Prime (Astral White, 64 GB)","₹11,899",4.1,https://rukminim2.flixcart.com/image/312/312/ktbu6q80/mobile/x/e/t/10-prime-10-redmi-original-imag6paxhggdnsjz.jpeg?q=70,https://www.flipkart.com/redmi-10-prime-astral-white-64-gb/p/itm4f601c2dd0f55?pid=MOBGK2GFFXXTKPJT&lid=LSTMOBGK2GFFXXTKPJTCIBPMH&marketplace=FLIPKART&store=tyy%2F4io&srno=b_1_17&otracker=nmenu_sub_Electronics_0_Mi&fm=organic&iid=f5b81b2d-b00b-4f77-961a-b43239ed4bc6.MOBGK2GFFXXTKPJT.SEARCH&ppt=None&ppn=None&ssid=1iulnf2wo00000001704874793502
17,"Redmi 5A (Gold, 16 GB)","₹5,999",4.5,https://rukminim2.flixcart.com/image/312/312/jaij3bk0/mobile/f/x/h/mi-redmi-5a-c3b-original-imafy2gfpyybwyyd.jpeg?q=70,https://www.flipkart.com/redmi-5a-gold-16-gb/p/itmf2fwcumw7ghwy?pid=MOBEZWXENJA6PKFM&lid=LSTMOBEZWXENJA6PKFMXBL4DT&marketplace=FLIPKART&store=tyy%2F4io&srno=b_1_18&otracker=nmenu_sub_Electronics_0_Mi&fm=organic&iid=f5b81b2d-b00b-4f77-961a-b43239ed4bc6.MOBEZWXENJA6PKFM.SEARCH&ppt=None&ppn=None&ssid=1iulnf2wo00000001704874793502
18,"Redmi 5A (Blue, 16 GB)","₹5,999",4.5,https://rukminim2.flixcart.com/image/312/312/jefzonk0/mobile/k/w/g/mi-redmi-5a-mci3b-original-imaf34ccfrfsrhrr.jpeg?q=70,https://www.flipkart.com/redmi-5a-blue-16-gb/p/itmf2fwcumw7ghwy?pid=MOBF34BKHPZEPGSG&lid=LSTMOBF34BKHPZEPGSGULGLII&marketplace=FLIPKART&store=tyy%2F4io&srno=b_1_19&otracker=nmenu_sub_Electronics_0_Mi&fm=organic&iid=f5b81b2d-b00b-4f77-961a-b43239ed4bc6.MOBF34BKHPZEPGSG.SEARCH&ppt=None&ppn=None&ssid=1iulnf2wo00000001704874793502
19,"Redmi 5A (Rose Gold, 16 GB)","₹5,999",4.5,https://rukminim2.flixcart.com/image/312/312/jaij3bk0/mobile/h/a/7/mi-redmi-5a-c3b-original-imafy2gffsvxqbhy.jpeg?q=70,https://www.flipkart.com/redmi-5a-rose-gold-16-gb/p/itmf2fwcumw7ghwy?pid=MOBEZWXEBUXGXHA7&lid=LSTMOBEZWXEBUXGXHA7LWHGGF&marketplace=FLIPKART&store=tyy%2F4io&srno=b_1_20&otracker=nmenu_sub_Electronics_0_Mi&fm=organic&iid=f5b81b2d-b00b-4f77-961a-b43239ed4bc6.MOBEZWXEBUXGXHA7.SEARCH&ppt=None&ppn=None&ssid=1iulnf2wo00000001704874793502
